id,target
0,21
1,5
2,6
3,4
4,23
5,5
6,21
7,28
8,26
9,21
10,11
11,10
12,14
13,26
14,0
15,1
16,5
17,4
18,31
19,26
20,21
21,19
22,23
23,7
24,19
25,6
26,18
27,5
28,20
29,26
30,29
31,23
32,0
33,26
34,2
35,12
36,27
37,0
38,29
39,12
40,21
41,4
42,14
43,7
44,28
45,0
46,18
47,0
48,24
49,19
50,2
51,29
52,28
53,22
54,18
55,10
56,5
57,31
58,29
59,1
60,22
61,17
62,19
63,25
64,30
65,24
66,0
67,4
68,23
69,4
70,8
71,22
72,0
73,23
74,18
75,6
76,24
77,18
78,24
79,18
80,15
81,19
82,3
83,27
84,3
85,21
86,24
87,16
88,19
89,3
90,27
91,14
92,7
93,31
94,4
95,2
96,14
97,31
98,3
99,23
100,26
101,27
102,7
103,1
104,1
105,19
106,28
107,12
108,0
109,12
110,31
111,5
112,2
113,13
114,21
115,3
116,0
117,12
118,6
119,7
120,6
121,29
122,0
123,25
124,9
125,2
126,23
127,22
128,26
129,27
130,15
131,19
132,0
133,14
134,25
135,19
136,15
137,12
138,20
139,21
140,20
141,5
142,18
143,29
144,14
145,7
146,9
147,16
148,8
149,29
150,21
151,9
152,5
153,7
154,3
155,21
156,21
157,24
158,30
159,29
160,0
161,22
162,22
163,3
164,18
165,21
166,18
167,6
168,24
169,13
170,29
171,27
172,11
173,16
174,0
175,16
176,18
177,24
178,7
179,3
180,31
181,16
182,16
183,23
184,10
185,21
186,25
187,12
188,27
189,0
190,24
191,21
192,7
193,28
194,14
195,24
196,16
197,5
198,26
199,2
200,11
201,24
202,9
203,11
204,21
205,10
206,30
207,29
208,19
209,27
210,28
211,7
212,5
213,24
214,29
215,0
216,19
217,4
218,18
219,4
220,28
221,0
222,9
223,19
224,19
225,22
226,11
227,0
228,9
229,25
230,3
231,21
232,11
233,11
234,11
235,3
236,12
237,29
238,14
239,14
240,19
241,13
242,23
243,17
244,14
245,13
246,1
247,18
248,21
249,0
250,10
251,29
252,22
253,24
254,6
255,0
256,10
257,24
258,30
259,1
260,22
261,29
262,19
263,14
264,1
265,15
266,26
267,27
268,0
269,13
270,4
271,14
272,17
273,27
274,12
275,17
276,18
277,29
278,26
279,7
280,26
281,19
282,4
283,13
284,0
285,20
286,5
287,22
288,31
289,0
290,22
291,27
292,29
293,19
294,29
295,0
296,3
297,12
298,7
299,30
300,13
301,3
302,7
303,0
304,4
305,23
306,14
307,13
308,5
309,26
310,11
311,12
312,18
313,6
314,18
315,23
316,24
317,9
318,16
319,9
320,21
321,7
322,7
323,13
324,6
325,10
326,31
327,8
328,20
329,19
330,7
331,19
332,12
333,18
334,19
335,2
336,21
337,27
338,26
339,9
340,18
341,23
342,11
343,7
344,24
345,13
346,10
347,3
348,26
349,0
350,4
351,5
352,5
353,14
354,8
355,18
356,27
357,28
358,11
359,11
360,24
361,18
362,28
363,5
364,19
365,20
366,4
367,1
368,28
369,2
370,14
371,28
372,27
373,5
374,15
375,5
376,18
377,5
378,23
379,24
380,15
381,21
382,8
383,20
384,12
385,11
386,13
387,14
388,25
389,21
390,8
391,8
392,20
393,6
394,18
395,0
396,2
397,25
398,24
399,17
400,18
401,20
402,1
403,30
404,30
405,23
406,28
407,19
408,19
409,3
410,14
411,23
412,0
413,5
414,18
415,12
416,24
417,16
418,21
419,23
420,19
421,18
422,3
423,27
424,29
425,20
426,9
427,18
428,23
429,23
430,4
431,17
432,21
433,13
434,5
435,15
436,30
437,0
438,23
439,4
440,18
441,10
442,25
443,8
444,2
445,9
446,3
447,9
448,22
449,7
450,16
451,8
452,8
453,7
454,23
455,3
456,22
457,20
458,22
459,24
460,31
461,1
462,7
463,12
464,10
465,21
466,29
467,24
468,3
469,12
470,8
471,5
472,26
473,17
474,1
475,25
476,25
477,1
478,2
479,10
480,22
481,5
482,14
483,4
484,2
485,10
486,29
487,29
488,13
489,28
490,4
491,25
492,19
493,8
494,29
495,9
496,12
497,18
498,16
499,11
500,29
501,24
502,1
503,6
504,19
505,12
506,29
507,26
508,15
509,3
510,21
511,22
512,9
513,13
514,27
515,24
516,17
517,8
518,27
519,6
520,31
521,9
522,1
523,27
524,26
525,21
526,18
527,19
528,3
529,29
530,14
531,26
532,2
533,3
534,6
535,6
536,31
537,26
538,3
539,18
540,26
541,15
542,24
543,18
544,16
545,12
546,25
547,7
548,15
549,14
550,13
551,3
552,25
553,20
554,4
555,7
556,25
557,24
558,12
559,5
560,22
561,28
562,11
563,29
564,14
565,8
566,26
567,27
568,0
569,30
570,6
571,17
572,8
573,17
574,5
575,17
576,6
577,14
578,21
579,13
580,20
581,13
582,15
583,11
584,19
585,2
586,29
587,9
588,29
589,1
590,21
591,27
592,26
593,27
594,17
595,28
596,19
597,5
598,6
599,18
600,13
601,5
602,2
603,20
604,6
605,14
606,15
607,19
608,29
609,14
610,16
611,19
612,0
613,17
614,2
615,4
616,8
617,10
618,8
619,20
620,21
621,30
622,29
623,22
624,20
625,16
626,6
627,15
628,7
629,9
630,24
631,29
632,21
633,25
634,20
635,8
636,13
637,26
638,10
639,8
640,9
641,4
642,6
643,8
644,12
645,27
646,7
647,14
648,13
649,20
650,7
651,19
652,31
653,29
654,12
655,24
656,8
657,30
658,20
659,0
660,26
661,9
662,15
663,13
664,18
665,28
666,8
667,0
668,26
669,27
670,22
671,7
672,15
673,25
674,29
675,21
676,20
677,25
678,14
679,25
680,31
681,28
682,6
683,19
684,8
685,18
686,22
687,29
688,5
689,16
690,15
691,13
692,17
693,14
694,1
695,15
696,21
697,29
698,21
699,5
700,4
701,4
702,18
703,2
704,22
705,2
706,20
707,22
708,9
709,30
710,19
711,2
712,22
713,0
714,5
715,27
716,4
717,6
718,4
719,0
720,7
721,10
722,30
723,16
724,29
725,26
726,15
727,6
728,1
729,27
730,26
731,3
732,5
733,2
734,13
735,0
736,21
737,11
738,7
739,28
740,14
741,26
742,25
743,20
744,5
745,24
746,30
747,22
748,27
749,4
750,29
751,15
752,10
753,17
754,21
755,10
756,0
757,2
758,4
759,22
760,21
761,21
762,1
763,3
764,8
765,27
766,0
767,24
768,15
769,6
770,4
771,15
772,2
773,7
774,3
775,10
776,27
777,12
778,13
779,30
780,0
781,14
782,16
783,3
784,16
785,31
786,18
787,16
788,12
789,6
790,7
791,18
792,27
793,13
794,26
795,26
796,7
797,9
798,4
799,18
800,16
801,26
802,10
803,12
804,18
805,5
806,29
807,7
808,19
809,21
810,27
811,21
812,15
813,3
814,12
815,23
816,14
817,7
818,2
819,4
820,11
821,17
822,19
823,26
824,26
825,14
826,26
827,6
828,2
829,21
830,2
831,9
832,5
833,23
834,12
835,12
836,24
837,24
838,9
839,23
840,31
841,2
842,22
843,28
844,12
845,4
846,12
847,29
848,17
849,26
850,9
851,5
852,27
853,26
854,20
855,19
856,15
857,16
858,25
859,20
860,0
861,25
862,29
863,21
864,8
865,9
866,0
867,8
868,27
869,4
870,11
871,13
872,1
873,22
874,29
875,28
876,3
877,2
878,16
879,23
880,11
881,21
882,0
883,8
884,22
885,22
886,7
887,24
888,0
889,21
890,7
891,19
892,25
893,21
894,0
895,29
896,24
897,10
898,18
899,13
900,7
901,26
902,4
903,6
904,3
905,10
906,5
907,7
908,5
909,19
910,24
911,13
912,26
913,12
914,6
915,7
916,5
917,0
918,4
919,11
920,24
921,18
922,7
923,12
924,19
925,12
926,16
927,0
928,0
929,12
930,8
931,6
932,30
933,10
934,16
935,2
936,14
937,7
938,26
939,19
940,23
941,12
942,0
943,29
944,19
945,18
946,3
947,4
948,12
949,2
950,21
951,18
952,21
953,21
954,8
955,29
956,14
957,26
958,19
959,1
960,26
961,19
962,25
963,26
964,23
965,13
966,24
967,8
968,4
969,14
970,24
971,15
972,23
973,11
974,27
975,18
976,28
977,18
978,0
979,23
980,24
981,8
982,9
983,28
984,17
985,29
986,30
987,15
988,14
989,2
990,5
991,7
992,28
993,28
994,12
995,12
996,13
997,1
998,2
999,11
1000,12
1001,25
1002,6
1003,3
1004,20
1005,13
1006,12
1007,7
1008,23
1009,6
1010,15
1011,28
1012,21
1013,12
1014,2
1015,6
1016,8
1017,7
1018,4
1019,9
1020,27
1021,9
1022,7
1023,18
1024,24
1025,21
1026,6
1027,29
1028,2
1029,26
1030,0
1031,0
1032,27
1033,11
1034,27
1035,24
1036,12
1037,9
1038,4
1039,26
1040,24
1041,29
1042,26
1043,18
1044,23
1045,0
1046,21
1047,12
1048,24
1049,23
1050,18
1051,25
1052,1
1053,21
1054,27
1055,13
1056,17
1057,20
1058,23
1059,30
1060,25
1061,21
1062,17
1063,7
1064,11
1065,8
1066,5
1067,27
1068,23
1069,21
1070,19
1071,0
1072,1
1073,17
1074,8
1075,17
1076,27
1077,0
1078,29
1079,1
1080,30
1081,14
1082,26
1083,27
1084,25
1085,21
1086,12
1087,17
1088,30
1089,0
1090,9
1091,21
1092,6
1093,29
1094,19
1095,7
1096,7
1097,15
1098,30
1099,28
1100,28
1101,19
1102,0
1103,4
1104,3
1105,10
1106,20
1107,1
1108,27
1109,24
1110,14
1111,24
1112,4
1113,19
1114,22
1115,12
1116,28
1117,20
1118,29
1119,12
1120,1
1121,5
1122,13
1123,0
1124,27
1125,3
1126,15
1127,26
1128,24
1129,17
1130,21
1131,7
1132,26
1133,19
1134,29
1135,23
1136,14
1137,24
1138,28
1139,26
1140,7
1141,9
1142,17
1143,28
1144,3
1145,6
1146,24
1147,30
1148,15
1149,2
1150,0
1151,11
1152,13
1153,23
1154,24
1155,0
1156,29
1157,27
1158,18
1159,29
1160,13
1161,21
1162,5
1163,28
1164,21
1165,14
1166,31
1167,30
1168,2
1169,13
1170,10
1171,15
1172,9
1173,17
1174,26
1175,19
1176,18
1177,25
1178,23
1179,6
1180,11
1181,23
1182,19
1183,21
1184,4
1185,15
1186,27
1187,21
1188,21
1189,17
1190,6
1191,31
1192,3
1193,16
1194,24
1195,7
1196,2
1197,26
1198,6
1199,10
1200,28
1201,30
1202,7
1203,27
1204,5
1205,3
1206,0
1207,6
1208,10
1209,14
1210,5
1211,19
1212,2
1213,26
1214,29
1215,4
1216,27
1217,4
1218,5
1219,16
1220,23
1221,7
1222,14
1223,23
1224,6
1225,13
1226,13
1227,30
1228,19
1229,12
1230,8
1231,24
1232,15
1233,27
1234,12
1235,31
1236,22
1237,24
1238,11
1239,3
1240,10
1241,27
1242,22
1243,8
1244,23
1245,4
1246,12
1247,13
1248,7
1249,3
1250,24
1251,28
1252,22
1253,4
1254,9
1255,27
1256,25
1257,16
1258,21
1259,7
1260,6
1261,2
1262,10
1263,12
1264,0
1265,29
1266,13
1267,9
1268,23
1269,12
1270,31
1271,31
1272,21
1273,27
1274,10
1275,28
1276,12
1277,27
1278,14
1279,6
1280,18
1281,21
1282,16
1283,2
1284,5
1285,26
1286,4
1287,8
1288,29
1289,18
1290,21
1291,20
1292,17
1293,7
1294,23
1295,3
1296,19
1297,4
1298,2
1299,23
1300,7
1301,15
1302,7
1303,28
1304,18
1305,17
1306,19
1307,18
1308,5
1309,25
1310,31
1311,25
1312,27
1313,10
1314,12
1315,4
1316,24
1317,2
1318,28
1319,0
1320,8
1321,22
1322,18
1323,27
1324,19
1325,2
1326,17
1327,13
1328,15
1329,2
1330,4
1331,19
1332,10
1333,29
1334,21
1335,19
1336,28
1337,2
1338,14
1339,13
1340,26
1341,7
1342,15
1343,26
1344,30
1345,23
1346,18
1347,10
1348,31
1349,29
1350,8
1351,27
1352,15
1353,17
1354,27
1355,11
1356,7
1357,18
1358,13
1359,28
1360,17
1361,27
1362,16
1363,14
1364,16
1365,2
1366,0
1367,3
1368,15
1369,14
1370,23
1371,17
1372,3
1373,1
1374,14
1375,11
1376,14
1377,6
1378,30
1379,9
1380,7
1381,26
1382,15
1383,30
1384,0
1385,30
1386,23
1387,30
1388,2
1389,29
1390,25
1391,9
1392,12
1393,7
1394,24
1395,7
1396,15
1397,23
1398,16
1399,7
1400,8
1401,30
1402,14
1403,8
1404,27
1405,3
1406,6
1407,19
1408,11
1409,30
1410,29
1411,30
1412,25
1413,24
1414,13
1415,12
1416,29
1417,0
1418,10
1419,8
1420,7
1421,7
1422,19
1423,23
1424,29
1425,7
1426,17
1427,24
1428,8
1429,2
1430,20
1431,30
1432,18
1433,27
1434,16
1435,12
1436,14
1437,18
1438,24
1439,2
1440,19
1441,22
1442,1
1443,15
1444,24
1445,16
1446,6
1447,4
1448,2
1449,9
1450,11
1451,24
1452,22
1453,8
1454,14
1455,17
1456,7
1457,27
1458,28
1459,14
1460,23
1461,29
1462,2
1463,17
1464,22
1465,29
1466,2
1467,4
1468,24
1469,12
1470,17
1471,31
1472,27
1473,12
1474,29
1475,0
1476,18
1477,12
1478,25
1479,29
1480,31
1481,27
1482,3
1483,14
1484,26
1485,10
1486,2
1487,27
1488,27
1489,20
1490,7
1491,0
1492,12
1493,22
1494,10
1495,5
1496,15
1497,23
1498,7
1499,3
1500,0
1501,6
1502,10
1503,25
1504,23
1505,27
1506,26
1507,5
1508,14
1509,4
1510,11
1511,23
1512,19
1513,5
1514,0
1515,10
1516,29
1517,14
1518,10
1519,18
1520,11
1521,3
1522,21
1523,0
1524,7
1525,14
1526,18
1527,0
1528,29
1529,26
1530,9
1531,11
1532,18
1533,17
1534,10
1535,6
1536,22
1537,12
1538,16
1539,1
1540,4
1541,28
1542,12
1543,14
1544,6
1545,0
1546,5
1547,28
1548,17
1549,29
1550,6
1551,19
1552,22
1553,29
1554,30
1555,0
1556,30
1557,14
1558,13
1559,24
1560,27
1561,0
1562,5
1563,26
1564,31
1565,19
1566,8
1567,12
1568,5
1569,7
1570,7
1571,26
1572,17
1573,26
1574,16
1575,17
1576,6
1577,5
1578,7
1579,14
1580,24
1581,4
1582,6
1583,7
1584,8
1585,21
1586,24
1587,27
1588,5
1589,4
1590,23
1591,0
1592,8
1593,5
1594,10
1595,6
1596,28
1597,8
1598,31
1599,23
1600,17
1601,15
1602,11
1603,4
1604,4
1605,1
1606,28
1607,19
1608,7
1609,29
1610,5
1611,23
1612,21
1613,27
1614,0
1615,15
1616,26
1617,4
1618,8
1619,24
1620,20
1621,6
1622,8
1623,26
1624,13
1625,15
1626,6
1627,22
1628,29
1629,8
1630,3
1631,19
1632,14
1633,29
1634,12
1635,13
1636,14
1637,12
1638,9
1639,30
1640,30
1641,12
1642,21
1643,10
1644,26
1645,3
1646,19
1647,10
1648,22
1649,9
1650,5
1651,29
1652,25
1653,28
1654,24
1655,5
1656,31
1657,17
1658,1
1659,6
1660,0
1661,0
1662,26
1663,10
1664,0
1665,21
1666,30
1667,11
1668,14
1669,19
1670,2
1671,11
1672,0
1673,4
1674,15
1675,7
1676,1
1677,14
1678,12
1679,17
1680,9
1681,0
1682,23
1683,20
1684,22
1685,23
1686,28
1687,11
1688,26
1689,23
1690,28
1691,17
1692,11
1693,24
1694,28
1695,25
1696,26
1697,28
1698,14
1699,29
1700,24
1701,30
1702,13
1703,25
1704,18
1705,30
1706,2
1707,21
1708,29
1709,11
1710,5
1711,2
1712,15
1713,29
1714,18
1715,28
1716,29
1717,6
1718,2
1719,28
1720,7
1721,15
1722,27
1723,0
1724,26
1725,22
1726,26
1727,28
1728,7
1729,21
1730,26
1731,26
1732,23
1733,28
1734,21
1735,15
1736,18
1737,0
1738,10
1739,18
1740,15
1741,17
1742,14
1743,6
1744,13
1745,29
1746,26
1747,6
1748,14
1749,5
1750,23
1751,18
1752,2
1753,25
1754,11
1755,28
1756,1
1757,29
1758,19
1759,6
1760,6
1761,30
1762,12
1763,2
1764,29
1765,30
1766,10
1767,23
1768,9
1769,7
1770,12
1771,26
1772,11
1773,27
1774,22
1775,25
1776,17
1777,27
1778,24
1779,28
1780,2
1781,26
1782,2
1783,2
1784,14
1785,2
1786,11
1787,27
1788,0
1789,27
1790,14
1791,20
1792,7
1793,21
1794,22
1795,30
1796,17
1797,23
1798,30
1799,8
1800,2
1801,5
1802,7
1803,28
1804,0
1805,29
1806,11
1807,9
1808,24
1809,19
1810,22
1811,21
1812,26
1813,12
1814,13
1815,10
1816,0
1817,14
1818,27
1819,26
1820,6
1821,26
1822,10
1823,24
1824,14
1825,9
1826,5
1827,27
1828,19
1829,24
1830,31
1831,27
1832,6
1833,15
1834,29
1835,0
1836,10
1837,5
1838,12
1839,2
1840,16
1841,0
1842,27
1843,31
1844,13
1845,22
1846,6
1847,19
1848,27
1849,24
1850,19
1851,27
1852,21
1853,20
1854,18
1855,11
1856,0
1857,17
1858,25
1859,27
1860,23
1861,19
1862,5
1863,26
1864,14
1865,29
1866,13
1867,22
1868,13
1869,1
1870,30
1871,26
1872,12
1873,31
1874,27
1875,13
1876,20
1877,0
1878,14
1879,26
1880,14
1881,0
1882,26
1883,26
1884,2
1885,6
1886,20
1887,21
1888,30
1889,19
1890,0
1891,16
1892,20
1893,13
1894,21
1895,4
1896,11
1897,25
1898,26
1899,28
1900,19
1901,19
1902,23
1903,29
1904,9
1905,28
1906,5
1907,28
1908,30
1909,20
1910,24
1911,1
1912,0
1913,18
1914,17
1915,25
1916,8
1917,6
1918,11
1919,10
1920,26
1921,20
1922,5
1923,18
1924,27
1925,15
1926,21
1927,31
1928,28
1929,7
1930,27
1931,28
1932,18
1933,24
1934,19
1935,27
1936,22
1937,21
1938,14
1939,5
1940,8
1941,27
1942,12
1943,12
1944,25
1945,19
1946,12
1947,0
1948,13
1949,4
1950,8
1951,9
1952,6
1953,23
1954,4
1955,9
1956,15
1957,6
1958,28
1959,10
1960,4
1961,24
1962,7
1963,0
1964,21
1965,28
1966,24
1967,30
1968,0
1969,3
1970,4
1971,19
1972,15
1973,10
1974,9
1975,2
1976,28
1977,7
1978,11
1979,27
1980,28
1981,11
1982,0
1983,3
1984,5
1985,31
1986,31
1987,22
1988,5
1989,26
1990,24
1991,21
1992,29
1993,21
1994,0
1995,5
1996,3
1997,9
1998,18
1999,27
2000,24
2001,31
2002,8
2003,16
2004,23
2005,21
2006,14
2007,23
2008,26
2009,30
2010,14
2011,29
2012,18
2013,27
2014,26
2015,14
2016,14
2017,26
2018,0
2019,19
2020,11
2021,30
2022,21
2023,18
2024,26
2025,2
2026,9
2027,0
2028,5
2029,14
2030,0
2031,15
2032,9
2033,29
2034,5
2035,20
2036,7
2037,19
2038,6
2039,9
2040,5
2041,24
2042,24
2043,28
2044,19
2045,5
2046,24
2047,12
2048,24
2049,1
2050,21
2051,5
2052,23
2053,21
2054,3
2055,1
2056,18
2057,28
2058,5
2059,7
2060,1
2061,0
2062,24
2063,15
2064,4
2065,7
2066,27
2067,2
2068,11
2069,12
2070,0
2071,6
2072,27
2073,20
2074,11
2075,26
2076,23
2077,14
2078,15
2079,1
2080,7
2081,5
2082,12
2083,18
2084,27
2085,9
2086,26
2087,8
2088,14
2089,20
2090,7
2091,19
2092,9
2093,28
2094,23
2095,25
2096,30
2097,30
2098,1
2099,9
2100,25
2101,0
2102,5
2103,21
2104,8
2105,25
2106,2
2107,25
2108,15
2109,6
2110,2
2111,15
2112,0
2113,29
2114,26
2115,25
2116,20
2117,25
2118,27
2119,15
2120,30
2121,26
2122,11
2123,11
2124,15
2125,21
2126,20
2127,19
2128,14
2129,11
2130,0
2131,22
2132,21
2133,14
2134,30
2135,15
2136,11
2137,26
2138,19
2139,24
2140,21
2141,21
2142,23
2143,16
2144,12
2145,12
2146,14
2147,19
2148,24
2149,20
2150,5
2151,31
2152,7
2153,26
2154,15
2155,9
2156,20
2157,10
2158,26
2159,23
2160,3
2161,21
2162,5
2163,30
2164,15
2165,15
2166,14
2167,15
2168,29
2169,12
2170,6
2171,25
2172,0
2173,27
2174,31
2175,9
2176,10
2177,20
2178,28
2179,3
2180,24
2181,18
2182,7
2183,0
2184,28
2185,29
2186,2
2187,19
2188,25
2189,17
2190,7
2191,9
2192,18
2193,20
2194,20
2195,5
2196,2
2197,31
2198,13
2199,11
2200,8
2201,31
2202,31
2203,20
2204,31
2205,22
2206,24
2207,6
2208,25
2209,11
2210,0
2211,14
2212,26
2213,15
2214,3
2215,26
2216,28
2217,14
2218,16
2219,8
2220,25
2221,8
2222,9
2223,11
2224,23
2225,2
2226,7
2227,30
2228,7
2229,8
2230,0
2231,9
2232,11
2233,9
2234,15
2235,23
2236,13
2237,4
2238,15
2239,28
2240,28
2241,5
2242,21
2243,9
2244,30
2245,11
2246,18
2247,1
2248,0
2249,16
2250,18
2251,2
2252,29
2253,0
2254,18
2255,4
2256,27
2257,14
2258,26
2259,24
2260,3
2261,12
2262,22
2263,21
2264,31
2265,12
2266,10
2267,12
2268,6
2269,3
2270,19
2271,15
2272,16
2273,11
2274,6
2275,0
2276,8
2277,24
2278,21
2279,29
2280,3
2281,28
2282,12
2283,23
2284,28
2285,8
2286,30
2287,12
2288,25
2289,21
2290,15
2291,0
2292,14
2293,19
2294,17
2295,12
2296,11
2297,15
2298,11
2299,22
2300,0
2301,16
2302,21
2303,14
2304,0
2305,26
2306,28
2307,24
2308,0
2309,20
2310,23
2311,29
2312,2
2313,6
2314,11
2315,2
2316,20
2317,16
2318,18
2319,26
2320,27
2321,25
2322,14
2323,28
2324,0
2325,8
2326,12
2327,12
2328,17
2329,12
2330,3
2331,12
2332,17
2333,8
2334,3
2335,17
2336,30
2337,19
2338,14
2339,7
2340,1
2341,17
2342,8
2343,31
2344,8
2345,7
2346,10
2347,12
2348,26
2349,0
2350,10
2351,12
2352,14
2353,28
2354,27
2355,29
2356,26
2357,25
2358,23
2359,0
2360,9
2361,25
2362,17
2363,11
2364,29
2365,18
2366,16
2367,18
2368,17
2369,10
2370,6
2371,5
2372,15
2373,14
2374,0
2375,24
2376,10
2377,15
2378,6
2379,24
2380,1
2381,27
2382,28
2383,12
2384,0
2385,3
2386,25
2387,6
2388,0
2389,3
2390,24
2391,10
2392,24
2393,3
2394,12
2395,31
2396,17
2397,10
2398,31
2399,8
2400,7
2401,12
2402,0
2403,27
2404,21
2405,24
2406,10
2407,18
2408,21
2409,19
2410,4
2411,14
2412,1
2413,24
2414,15
2415,14
2416,15
2417,7
2418,2
2419,29
2420,5
2421,15
2422,12
2423,28
2424,28
2425,10
2426,18
2427,27
2428,30
2429,17
2430,27
2431,29
2432,4
2433,29
2434,2
2435,21
2436,26
2437,20
2438,19
2439,29
2440,15
2441,27
2442,18
2443,25
2444,6
2445,15
2446,26
2447,20
2448,15
2449,15
2450,28
2451,27
2452,23
2453,14
2454,22
2455,15
2456,27
2457,21
2458,27
2459,3
2460,14
2461,2
2462,11
2463,12
2464,10
2465,22
2466,17
2467,19
2468,17
2469,10
2470,30
2471,24
2472,23
2473,11
2474,30
2475,17
2476,9
2477,5
2478,19
2479,10
2480,30
2481,5
2482,17
2483,19
2484,4
2485,14
2486,17
2487,30
2488,9
2489,21
2490,30
2491,21
2492,26
2493,7
2494,5
2495,23
2496,20
2497,12
2498,21
2499,0
2500,4
2501,8
2502,19
2503,9
2504,19
2505,28
2506,2
2507,29
2508,0
2509,21
2510,25
2511,26
2512,25
2513,11
2514,25
2515,29
2516,0
2517,20
2518,9
2519,11
2520,23
2521,27
2522,10
2523,17
2524,18
2525,31
2526,27
2527,19
2528,23
2529,11
2530,15
2531,0
2532,17
2533,27
2534,20
2535,16
2536,16
2537,21
2538,28
2539,20
2540,17
2541,29
2542,14
2543,19
2544,10
2545,23
2546,26
2547,15
2548,19
2549,10
2550,12
2551,5
2552,27
2553,28
2554,24
2555,21
2556,24
2557,24
2558,27
2559,25
2560,8
2561,3
2562,5
2563,2
2564,9
2565,24
2566,19
2567,12
2568,27
2569,9
2570,29
2571,2
2572,11
2573,21
2574,29
2575,21
2576,14
2577,18
2578,5
2579,11
2580,17
2581,15
2582,31
2583,6
2584,6
2585,19
2586,28
2587,26
2588,31
2589,19
2590,30
2591,24
2592,5
2593,21
2594,21
2595,27
2596,22
2597,12
2598,31
2599,21
2600,5
2601,3
2602,12
2603,12
2604,12
2605,20
2606,24
2607,14
2608,4
2609,9
2610,18
2611,5
2612,5
2613,23
2614,18
2615,0
2616,27
2617,3
2618,1
2619,10
2620,10
2621,24
2622,16
2623,12
2624,13
2625,3
2626,15
2627,26
2628,13
2629,28
2630,6
2631,17
2632,17
2633,3
2634,2
2635,16
2636,18
2637,2
2638,14
2639,14
2640,13
2641,14
2642,18
2643,0
2644,13
2645,0
2646,9
2647,28
2648,12
2649,2
2650,3
2651,25
2652,30
2653,1
2654,27
2655,24
2656,29
2657,31
2658,2
2659,22
2660,9
2661,15
2662,18
2663,22
2664,28
2665,18
2666,24
2667,4
2668,1
2669,12
2670,22
2671,8
2672,23
2673,19
2674,18
2675,15
2676,12
2677,10
2678,15
2679,25
2680,8
2681,15
2682,23
2683,18
2684,14
2685,22
2686,20
2687,27
2688,22
2689,13
2690,1
2691,25
2692,24
2693,4
2694,15
2695,1
2696,19
2697,14
2698,12
2699,26
2700,11
2701,19
2702,17
2703,19
2704,30
2705,22
2706,26
2707,20
2708,0
2709,23
2710,7
2711,12
2712,14
2713,24
2714,29
2715,27
2716,29
2717,4
2718,4
2719,31
2720,25
2721,21
2722,24
2723,27
2724,12
2725,23
2726,29
2727,21
2728,9
2729,16
2730,0
2731,17
2732,20
2733,21
2734,29
2735,23
2736,4
2737,25
2738,26
2739,3
2740,5
2741,23
2742,9
2743,19
2744,7
2745,13
2746,31
2747,2
2748,20
2749,5
2750,27
2751,15
2752,26
2753,8
2754,22
2755,6
2756,2
2757,30
2758,0
2759,7
2760,19
2761,15
2762,5
2763,23
2764,22
2765,6
2766,26
2767,8
2768,15
2769,12
2770,20
2771,27
2772,18
2773,5
2774,24
2775,30
2776,10
2777,21
2778,12
2779,12
2780,8
2781,7
2782,8
2783,7
2784,27
2785,30
2786,28
2787,3
2788,12
2789,1
2790,24
2791,7
2792,31
2793,22
2794,30
2795,19
2796,14
2797,31
2798,13
2799,17
2800,11
2801,7
2802,26
2803,16
2804,12
2805,0
2806,15
2807,13
2808,6
2809,3
2810,20
2811,12
2812,5
2813,27
2814,8
2815,24
2816,18
2817,21
2818,24
2819,18
2820,28
2821,21
2822,9
2823,8
2824,30
2825,20
2826,24
2827,8
2828,27
2829,25
2830,12
2831,14
2832,14
2833,11
2834,18
2835,5
2836,5
2837,19
2838,26
2839,25
2840,6
2841,22
2842,6
2843,18
2844,8
2845,30
2846,15
2847,14
2848,26
2849,14
2850,30
2851,12
2852,6
2853,8
2854,18
2855,15
2856,2
2857,8
2858,7
2859,23
2860,30
2861,15
2862,0
2863,31
2864,29
2865,19
2866,25
2867,24
2868,21
2869,12
2870,24
2871,27
2872,24
2873,28
2874,5
2875,7
2876,8
2877,26
2878,20
2879,9
2880,3
2881,5
2882,16
2883,30
2884,11
2885,18
2886,25
2887,30
2888,2
2889,3
2890,15
2891,15
2892,15
2893,25
2894,20
2895,23
2896,4
2897,6
2898,26
2899,12
2900,23
2901,13
2902,7
2903,15
2904,10
2905,11
2906,12
2907,4
2908,18
2909,1
2910,29
2911,0
2912,8
2913,13
2914,25
2915,25
2916,15
2917,29
2918,27
2919,6
2920,18
2921,7
2922,6
2923,28
2924,25
2925,19
2926,20
2927,29
2928,0
2929,27
2930,19
2931,21
2932,10
2933,2
2934,1
2935,19
2936,12
2937,22
2938,22
2939,18
2940,1
2941,24
2942,10
2943,1
2944,1
2945,26
2946,19
2947,2
2948,22
2949,5
2950,21
2951,1
2952,26
2953,8
2954,16
2955,31
2956,19
2957,17
2958,29
2959,8
2960,7
2961,0
2962,0
2963,5
2964,1
2965,11
2966,1
2967,26
2968,25
2969,12
2970,22
2971,8
2972,24
2973,13
2974,6
2975,0
2976,11
2977,5
2978,31
2979,15
2980,23
2981,14
2982,26
2983,12
2984,27
2985,29
2986,31
2987,19
2988,27
2989,4
2990,2
2991,10
2992,5
2993,21
2994,5
2995,21
2996,3
2997,26
2998,17
2999,21
3000,24
3001,19
3002,23
3003,15
3004,14
3005,15
3006,26
3007,1
3008,24
3009,0
3010,20
3011,5
3012,3
3013,30
3014,27
3015,7
3016,15
3017,9
3018,7
3019,15
3020,2
3021,25
3022,18
3023,5
3024,27
3025,29
3026,9
3027,26
3028,18
3029,19
3030,21
3031,6
3032,15
3033,19
3034,24
3035,30
3036,6
3037,28
3038,19
3039,6
3040,2
3041,23
3042,15
3043,13
3044,1
3045,29
3046,3
3047,28
3048,11
3049,12
3050,23
3051,0
3052,9
3053,3
3054,12
3055,31
3056,27
3057,30
3058,18
3059,10
3060,11
3061,12
3062,28
3063,2
3064,26
3065,29
3066,29
3067,22
3068,21
3069,15
3070,5
3071,19
3072,9
3073,24
3074,19
3075,11
3076,5
3077,9
3078,27
3079,31
3080,21
3081,21
3082,21
3083,30
3084,22
3085,3
3086,26
3087,3
3088,23
3089,10
3090,19
3091,14
3092,12
3093,14
3094,4
3095,26
3096,29
3097,5
3098,8
3099,29
3100,14
3101,28
3102,19
3103,20
3104,4
3105,13
3106,13
3107,29
3108,10
3109,1
3110,11
3111,19
3112,4
3113,22
3114,0
3115,26
3116,12
3117,12
3118,27
3119,0
3120,30
3121,8
3122,3
3123,29
3124,3
3125,23
3126,4
3127,10
3128,0
3129,23
3130,27
3131,29
3132,24
3133,9
3134,19
3135,27
3136,28
3137,0
3138,10
3139,28
3140,1
3141,9
3142,4
3143,14
3144,19
3145,19
3146,5
3147,13
3148,29
3149,7
3150,21
3151,25
3152,25
3153,16
3154,10
3155,7
3156,2
3157,24
3158,20
3159,4
3160,26
3161,23
3162,19
3163,4
3164,28
3165,18
3166,23
3167,0
3168,13
3169,21
3170,5
3171,1
3172,9
3173,0
3174,9
3175,0
3176,0
3177,26
3178,22
3179,9
3180,11
3181,26
3182,22
3183,19
3184,22
3185,31
3186,0
3187,0
3188,6
3189,3
3190,28
3191,18
3192,8
3193,3
3194,24
3195,31
3196,9
3197,26
3198,19
3199,13
3200,1
3201,17
3202,25
3203,7
3204,30
3205,28
3206,12
3207,3
3208,4
3209,0
3210,0
3211,29
3212,6
3213,3
3214,26
3215,18
3216,4
3217,25
3218,26
3219,13
3220,12
3221,19
3222,19
3223,10
3224,26
3225,0
3226,30
3227,13
3228,26
3229,29
3230,28
3231,26
3232,19
3233,11
3234,25
3235,2
3236,17
3237,30
3238,4
3239,26
3240,30
3241,29
3242,26
3243,1
3244,6
3245,28
3246,20
3247,9
3248,24
3249,21
3250,11
3251,17
3252,7
3253,15
3254,20
3255,26
3256,22
3257,0
3258,26
3259,14
3260,1
3261,8
3262,24
3263,27
3264,27
3265,23
3266,5
3267,1
3268,31
3269,7
3270,28
3271,28
3272,28
3273,7
3274,25
3275,31
3276,6
3277,2
3278,0
3279,7
3280,4
3281,3
3282,20
3283,25
3284,0
3285,20
3286,1
3287,20
3288,4
3289,10
3290,2
3291,25
3292,6
3293,17
3294,27
3295,8
3296,12
3297,24
3298,27
3299,7
3300,24
3301,28
3302,3
3303,1
3304,13
3305,28
3306,6
3307,21
3308,18
3309,20
3310,29
3311,4
3312,18
3313,6
3314,19
3315,0
3316,24
3317,3
3318,7
3319,2
3320,23
3321,9
3322,23
3323,16
3324,7
3325,30
3326,10
3327,1
3328,29
3329,13
3330,1
3331,12
3332,27
3333,25
3334,10
3335,19
3336,21
3337,10
3338,2
3339,24
3340,6
3341,18
3342,25
3343,13
3344,30
3345,9
3346,19
3347,26
3348,10
3349,30
3350,30
3351,11
3352,22
3353,0
3354,12
3355,0
3356,28
3357,20
3358,15
3359,19
3360,0
3361,29
3362,16
3363,0
3364,24
3365,24
3366,27
3367,26
3368,26
3369,27
3370,10
3371,26
3372,19
3373,19
3374,6
3375,1
3376,22
3377,4
3378,20
3379,0
3380,24
3381,17
3382,28
3383,29
3384,29
3385,28
3386,9
3387,2
3388,24
3389,27
3390,0
3391,7
3392,30
3393,8
3394,0
3395,15
3396,14
3397,26
3398,16
3399,15
3400,3
3401,26
3402,21
3403,28
3404,27
3405,13
3406,0
3407,18
3408,1
3409,16
3410,9
3411,19
3412,26
3413,27
3414,12
3415,17
3416,26
3417,28
3418,3
3419,14
3420,0
3421,18
3422,20
3423,28
3424,19
3425,28
3426,10
3427,27
3428,24
3429,13
3430,6
3431,20
3432,1
3433,6
3434,4
3435,9
3436,5
3437,24
3438,26
3439,25
3440,30
3441,21
3442,18
3443,29
3444,15
3445,31
3446,2
3447,24
3448,8
3449,10
3450,23
3451,19
3452,25
3453,21
3454,10
3455,27
3456,7
3457,0
3458,11
3459,27
3460,24
3461,0
3462,6
3463,29
3464,15
3465,3
3466,28
3467,28
3468,29
3469,6
3470,20
3471,23
3472,21
3473,15
3474,29
3475,14
3476,5
3477,12
3478,5
3479,12
3480,22
3481,8
3482,14
3483,8
3484,27
3485,25
3486,23
3487,27
3488,27
3489,20
3490,5
3491,0
3492,15
3493,26
3494,21
3495,31
3496,3
3497,21
3498,4
3499,18
3500,21
3501,3
3502,7
3503,20
3504,9
3505,18
3506,17
3507,12
3508,19
3509,19
3510,3
3511,18
3512,7
3513,28
3514,20
3515,18
3516,2
3517,6
3518,19
3519,24
3520,24
3521,27
3522,3
3523,14
3524,5
3525,13
3526,7
3527,27
3528,18
3529,9
3530,8
3531,27
3532,6
3533,5
3534,31
3535,5
3536,16
3537,0
3538,29
3539,2
3540,29
3541,6
3542,11
3543,30
3544,21
3545,25
3546,31
3547,15
3548,18
3549,10
3550,7
3551,5
3552,4
3553,14
3554,25
3555,5
3556,2
3557,27
3558,12
3559,0
3560,3
3561,21
3562,30
3563,11
3564,1
3565,27
3566,26
3567,12
3568,13
3569,28
3570,8
3571,20
3572,25
3573,14
3574,13
3575,28
3576,15
3577,21
3578,26
3579,7
3580,15
3581,13
3582,25
3583,12
3584,6
3585,31
3586,11
3587,20
3588,4
3589,18
3590,19
3591,22
3592,0
3593,7
3594,17
3595,29
3596,20
3597,27
3598,19
3599,10
3600,18
3601,14
3602,13
3603,27
3604,21
3605,26
3606,6
3607,14
3608,20
3609,30
3610,3
3611,21
3612,29
3613,20
3614,10
3615,18
3616,24
3617,27
3618,13
3619,17
3620,10
3621,24
3622,5
3623,28
3624,7
3625,23
3626,24
3627,28
3628,18
3629,5
3630,27
3631,13
3632,15
3633,0
3634,12
3635,11
3636,22
3637,22
3638,23
3639,17
3640,1
3641,12
3642,9
3643,13
3644,2
3645,26
3646,19
3647,8
3648,5
3649,24
3650,17
3651,14
3652,31
3653,30
3654,8
3655,27
3656,26
3657,0
3658,8
3659,19
3660,7
3661,11
3662,18
3663,12
3664,19
3665,2
3666,10
3667,17
3668,8
3669,13
3670,4
3671,0
3672,19
3673,12
3674,17
3675,24
3676,5
3677,9
3678,13
3679,26
3680,2
3681,13
3682,9
3683,17
3684,21
3685,30
3686,24
3687,27
3688,30
3689,23
3690,13
3691,4
3692,6
3693,23
3694,28
3695,29
3696,3
3697,9
3698,20
3699,5
3700,19
3701,16
3702,13
3703,24
3704,31
3705,17
3706,10
3707,0
3708,4
3709,17
3710,15
3711,30
3712,22
3713,23
3714,24
3715,19
3716,2
3717,9
3718,12
3719,7
3720,7
3721,12
3722,17
3723,27
3724,9
3725,9
3726,3
3727,24
3728,17
3729,23
3730,19
3731,7
3732,9
3733,17
3734,21
3735,20
3736,3
3737,24
3738,21
3739,22
3740,12
3741,21
3742,27
3743,11
3744,11
3745,24
3746,12
3747,17
3748,10
3749,2
3750,6
3751,12
3752,21
3753,0
3754,26
3755,4
3756,29
3757,23
3758,19
3759,8
3760,20
3761,19
3762,0
3763,6
3764,26
3765,21
3766,11
3767,17
3768,12
3769,12
3770,21
3771,24
3772,26
3773,21
3774,0
3775,27
3776,25
3777,24
3778,3
3779,31
3780,2
3781,24
3782,26
3783,28
3784,26
3785,15
3786,0
3787,8
3788,26
3789,2
3790,22
3791,20
3792,24
3793,3
3794,5
3795,23
3796,21
3797,24
3798,20
3799,20
3800,19
3801,27
3802,29
3803,14
3804,27
3805,30
3806,17
3807,14
3808,18
3809,15
3810,29
3811,7
3812,17
3813,7
3814,15
3815,13
3816,10
3817,18
3818,13
3819,26
3820,7
3821,12
3822,10
3823,8
3824,5
3825,7
3826,26
3827,0
3828,30
3829,19
3830,12
3831,4
3832,27
3833,14
3834,9
3835,22
3836,31
3837,4
3838,12
3839,9
